,type,data_size,accuracy,accuracy_std,f1,f1_std,recall,recall_std,precision,precision_std
0,GaussianNB,871,0.7792265591151208,0.05027834067572151,0.44603062353030254,0.0683496667684109,0.5448189310689312,0.12274411832854352,0.40977744283007445,0.1316034478647962
1,SVC,871,0.8328886000458751,0.04679590489606986,0.0,0.0,0.0,0.0,0.0,0.0
2,RandomForestClassifier,871,0.9065601345668629,0.04274620078188967,0.6516432123088471,0.10369822621916294,0.509753996003996,0.10260401155611673,0.9259090909090908,0.12676304873036143
3,LogisticRegression,871,0.875922279990825,0.044201209751236564,0.617127466969683,0.09566716617291429,0.5961047286047286,0.10589035247998445,0.6883547008547009,0.20971160592256904
4,DummyClassifier,871,0.8328886000458751,0.04679590489606986,0.0,0.0,0.0,0.0,0.0,0.0
