,type,data_size,accuracy,accuracy_std,f1,f1_std,recall,recall_std,precision,precision_std
0,RandomForestClassifier,20570,0.9052017501215364,0.005066180056436763,0.5742616450492097,0.034513475197118726,0.5130200456124367,0.03700846195214375,0.652876304595825,0.034203609640364015
